agnosticism,thomashenryhuxley,
whyiamanagnostic,robertgingersoll,
whatisanagnostic,bertrandrussell,
nature,ralphwaldoemmerson,
existentialismishumanism,jeanpaulsartre,
concludingunscientificpostscript,sorenaabyekierkegaard,
critiqueofpurereason,immanuelkant,
critiqueofpracticalreason,immanuelkant,
critiqueofjudgement,immanuelkant,
onliberty,johnstuartmill,
theprivatelifeofthelatebenjaminfranklin ,benjaminfranklin,
introductiontoprinciplesofmoralsandlegislation,jeremybentham,
thefountainhead,aynrand,
atlasshrugged,aynrand,
systemofpositivepolitics,augustecomte,
discourseonthemethod,renedescartes,
nicomacheanethics,aristotle,
magnamoralia,aristotle,
eudemianethics,aristotle,
platonicdialogs,plato,
ethica,baruchdespinoza,
theodicy,gottfriedwilhelmleibniz,
leviathan,thomashobbs,
utilitarianism,johnstuartmills,
theincoherenceoftheincoherence,averroes ,
theanalects,confucius,
studying,confucius,theanalects
thepracticeofgovernment,confucius,theanalects
eightlinesofeightdancersapiece,confucius,theanalects
livinginbrotherliness,confucius,theanalects
gongyechang,confucius,theanalects
thereisyong,confucius,theanalects
transmission,confucius,theanalects
counttai,confucius,theanalects
themastershunned,confucius,theanalects
amongthexiangandthedang,confucius,theanalects
thoseofformereras,confucius,theanalects
yanyuan,confucius,theanalects
zilu,confucius,theanalects
xianasked,confucius,theanalects
dukelingofwei,confucius,theanalects
chiefofthejiclan,confucius,theanalects
yanghuo,confucius,theanalects
theviscountofwei,confucius,theanalects
zizhang,confucius,theanalects
yaospoke,confucius,theanalects
thebookofhealing,avicenna,
naturalgoodness,philippafoot,
thefragilityofgoodness,marthanussbaum,
aesopsfables,aesop,
vinayapitaka,,
sutravibhanga,,vinayapitaka
khandhaka,,vinayapitaka
parivara,,vinayapitaka
sutrapitaka,,
dighanikaya,,sutrapitaka
majjhimanikaya,,sutrapitaka
satipathanasutra,,majjhimanikaya
samyuttanikaya,,sutrapitaka
iddhipadasamyutta,,samyuttanikaya
anguttaranikaya,,sutrapitaka
khuddakanikaya,,sutrapitaka
dharmapada,,khuddakanikaya
nettipakarana,,khuddakanikaya
buddhavamsa,,khuddakanikaya
abhidhammapitaka,,
dharmasangani,,abhidhammapitaka
vibhanga,,abhidhammapitaka
dhatukatha,,abhidhammapitaka
puggalapannatti,,abhidhammapitaka
kathavatthu,,abhidhammapitaka
yamaka,,abhidhammapitaka
pathana,,abhidhammapitaka
perfectwisdom,,
lotussutra,,
flowergardensutra,,
sutraofthetenstages,,flowergardensutra
thedivinecomedy,dantealighieri,
thetanakh,,
torah,,thetanakh
torahgenesis,,torah
torahexodus,,torah
torahleviticus,,torah
torahnumbers,,torah
torahdeuteronomy,,torah
neviim,,thetanakh
neviimjoshua,,neviim
neviimjudges,,neviim
neviimsamuel,,neviim
neviimkings,,neviim
neviimisaiah,,neviim
neviimjeremiah,,neviim
neviimezekiel,,neviim
neviimthetwelveprophets,,neviim
neviimhosea,,neviim
neviimjoel,,neviim
neviimamos,,neviim
neviimobadiah,,neviim
neviimjonah,,neviim
neviimmicah,,neviim
neviimnahum,,neviim
neviimhabakkuk,,neviim
neviimzephaniah,,neviim
neviimhaggai,,neviim
neviimzechariah,,neviim
neviimmalachi,,neviim
ketuvim,,thetanakh
ketuvimthepsalms,,ketuvim
ketuvimproverbs,,ketuvim
ketuvimjob,,ketuvim
ketuvimsongofsongs,,ketuvim
ketuvimruth,,ketuvim
ketuvimlamentations,,ketuvim
ketuvimecclesiastes,,ketuvim
ketuvimesther,,ketuvim
ketuvimdaniel,,ketuvim
ketuvimezra-nehemiah,,ketuvim
ketuvimchronicles,,ketuvim
theoldtestament,,
genesis,,theoldtestament
exodus,,theoldtestament
leviticus,,theoldtestament
numbers,,theoldtestament
deuteronomy,,theoldtestament
joshua,,theoldtestament
judges,,theoldtestament
ruth,,theoldtestament
firstsamuel,,theoldtestament
secondsamuel,,theoldtestament
firstkings,,theoldtestament
secondkings,,theoldtestament
firstchronicles,,theoldtestament
secondchronicles,,theoldtestament
ezra,,theoldtestament
nehemiah,,theoldtestament
tobit,,theoldtestament
judith,,theoldtestament
esther,,theoldtestament
1maccabees,,theoldtestament
2maccabees,,theoldtestament
3maccabees,,theoldtestament
job,,theoldtestament
thepsalms,,theoldtestament
proverbs,,theoldtestament
ecclesiastes,,theoldtestament
songofsongs,,theoldtestament
songofsolomon,,theoldtestament
wisdom,,theoldtestament
sirach,jesusbensira ,theoldtestament
isaiah,,theoldtestament
jeremiah,,theoldtestament
lamentations,,theoldtestament
baruch,,theoldtestament
ezekiel,,theoldtestament
daniel,,theoldtestament
hosea,,theoldtestament
joel,,theoldtestament
amos,,theoldtestament
obadiah,,theoldtestament
jonah,,theoldtestament
micah,,theoldtestament
nahum,,theoldtestament
habakkuk,,theoldtestament
zephaniah,,theoldtestament
haggai,,theoldtestament
zechariah,,theoldtestament
malachi,,theoldtestament
thenewtestament,,
matthew,,thenewtestament
mark,,thenewtestament
luke,,thenewtestament
john,,thenewtestament
acts,,thenewtestament
romans,,thenewtestament
firstcorinthians,,thenewtestament
secondcorinthians,,thenewtestament
galations,,thenewtestament
ephesians,,thenewtestament
philippians,,thenewtestament
colossians,,thenewtestament
firstthessalonians,,thenewtestament
secondthessalonians,,thenewtestament
firsttimothy,,thenewtestament
secondtimothy,,thenewtestament
titus,,thenewtestament
philemon,,thenewtestament
hebrews,,thenewtestament
james,,thenewtestament
firstpeter,,thenewtestament
secondpeter,,thenewtestament
firstjohn,,thenewtestament
secondjohn,,thenewtestament
thirdjohn,,thenewtestament
jude,,thenewtestament
revelation,,thenewtestament
psychomachia,aureliusclemensrrudentius,
therepublic,plato,
anagignoskomena,,
theprivatelifeofthelatebenjaminfranklin ,,
thevedas,,
rigveda,,thevedas
mandala1,,rigveda
mandala2,,rigveda
mandala3,,rigveda
mandala4,,rigveda
mandala5,,rigveda
mandala6,,rigveda
mandala7,,rigveda
mandala8,,rigveda
mandala9,,rigveda
mandala10,,rigveda
yajurveda,,thevedas
shaklayajurveda,,yajurveda
madhyandina,,shaklayajurveda
kanva,,shaklayajurveda
krishnayajurveda,,Yajurveda
taittiriya,,krishnayajurveda
maitrayani,,krishnayajurveda
caraka-katha,,krishnayajurveda
kapishthala,,krishnayajurveda
samaveda,,thevedas
kauthuma,,Samaveda
ranayaniya,,Samaveda
jaiminiya,,Samaveda
shatyayana,,Samaveda
atharvaveda,,thevedas
paippalada,,atharvaveda
stauda,,atharvaveda
mauda,,atharvaveda
saunakiya,,atharvaveda
jajala,,atharvaveda
jalada,,atharvaveda
kuntap,,atharvaveda
brahmavada,,atharvaveda
devadarsa,,atharvaveda
caranavaidya,,atharvaveda
bhagavadgita,,
ramayana,,
mahabharata,,
hathayoga,yogiswatmarama,
thequran,,
medinan,,thequran
alAhzab,,medinan
alanfal,,medinan
albaqara,,medinan
albayyina,,medinan
alfath,,medinan
alhadid,,medinan
alhajj,,medinan
alhashr,,medinan
alhujurat,,medinan
aliimran,,medinan
alinsan,,medinan
aljumuah,,medinan
almaida,,medinan
almujadila,,medinan
almumtahina,,medinan
almunafiqun,,medinan
annasr,,medinan
annisa,,medinan
annur,,medinan
arrad,,medinan
arrahman,,medinan
assaff,,medinan
attaghabun,,medinan
attahrim,,medinan
attalaq,,medinan
attawba,,medinan
azzalzala,,medinan
muhammad,,medinan
meccan,,
abasa,,meccan
addhuha,,meccan
addukhan,,meccan
adhdhariyat,,meccan
alala,,meccan
aladiyat,,meccan
alahqaf,,meccan
alalaq,,meccan
alanam,,meccan
alanbiya,,meccan
alankabut,,meccan
alasr,,meccan
albalad,,meccan
alburooj,,meccan
alfajr,,meccan
alfalaq,,meccan
alfatiha,,meccan
alfil,,meccan
alfurqan,,meccan
alghashiya,,meccan
alhaaqqa,,meccan
alhijr,,meccan
alhumaza,,meccan
alikhlas,,meccan
alinfitar,,meccan
alinshiqaq,,meccan
alinshirah,,meccan
alisra,,meccan
aljathiya,,meccan
aljinn,,meccan
alkafirun,,meccan
alkawthar,,meccan
allail,,meccan
almaun,,meccan
almaarij,,meccan
almasadd,,meccan
almuminoon,,meccan
almuddathir,,meccan
almulk,,meccan
almursalat,,meccan
almutaffifin,,meccan
almuzzammil,,meccan
alnas,,meccan
alqadr,,meccan
alqalam,,meccan
alqamar,,meccan
alqaria,,meccan
alqasas,,meccan
alqiyama,,meccan
alwaqia,,meccan
annaba,,meccan
annahl,,meccan
annajm,,meccan
annaml,,meccan
annaziat,,meccan
arrum,,meccan
assaaffat,,meccan
assajda,,meccan
ashshams,,meccan
ashshuara,,meccan
ashshura,,meccan
attakathur,,meccan
attakwir,,meccan
attariq,,meccan
attin,,meccan
attur,,meccan
azzukhruf,,meccan
fatir,,meccan
fussilat,,meccan
hud,,meccan
ibrahim,,meccan
luqman,,meccan
maryam,,meccan
nuh,,meccan
qaf,,meccan
quraysh,,meccan
saba,,meccan
taha,,meccan
yasin,,meccan
yunus,,meccan
yusuf,,meccan
alaraf,,meccan
alkahf,,meccan
sad,,meccan
ghafiralmumin,,meccan
azzumar,,meccan
alkutubalsittah,,
sahihalbukhari ,,alkutubalsittah
sahihmuslim,,alkutubalsittah
sunanassughra,,alkutubalsittah
sunanabidaawud,,alkutubalsittah
sunanaltirmidhi,,alkutubalsittah
almuwatta,,alkutubalsittah
gurugranthsahib,,
thebookofmormon,josephsmith,
firstnephi,,thebookofmormon
secondnephi,,thebookofmormon
jacob,,thebookofmormon
enos,,thebookofmormon
jarom,,thebookofmormon
omni,,thebookofmormon
wordsofmormon,,thebookofmormon
mosiah,,thebookofmormon
alma,,thebookofmormon
helaman,,thebookofmormon
thirdnephi,,thebookofmormon
fourthnephi,,thebookofmormon
mormon,,thebookofmormon
ether,,thebookofmormon
moroni,,thebookofmormon
summatheologica,stthomasaquinas,
confessions,staugustineofhippo,
theninetyfivetheses,martinluther,
institutesofthechristianreligion,johncalvin,
rikkokushi,,
nihonshoki,princetoneri,rikkokushi
shokunihongi,fujiwaranotsugutada,rikkokushi
nihonkoki,fujiwaranoyoshifusa,rikkokushi
shokunihonkoki,fujiwaranoyoshifusa,rikkokushi
nihonmontokutennojitsuroku,fujiwaranomototsune,rikkokushi
nihonsandaijitsuroku,fujiwaranotokihira,rikkokushi
kojiki,onoyasumaru,
jinnoshotoki,kitabatakechikafusa,
regiusmanuscript,,
algamas,,
kalpasutra,ccharyabhadrabahu ,
tattvarthasutra,,
kitabiaqdas ,siyyidaliMuhammadshirazi ,
